-- phpMyAdmin SQL Dump
-- version 4.1.14
-- http://www.phpmyadmin.net
--
-- Host: 127.0.0.1
-- Generation Time: May 22, 2015 at 12:40 AM
-- Server version: 5.6.17
-- PHP Version: 5.5.12

SET SQL_MODE = "NO_AUTO_VALUE_ON_ZERO";
SET time_zone = "+00:00";


/*!40101 SET @OLD_CHARACTER_SET_CLIENT=@@CHARACTER_SET_CLIENT */;
/*!40101 SET @OLD_CHARACTER_SET_RESULTS=@@CHARACTER_SET_RESULTS */;
/*!40101 SET @OLD_COLLATION_CONNECTION=@@COLLATION_CONNECTION */;
/*!40101 SET NAMES utf8 */;

--
-- Database: `smashtracker`
--

-- --------------------------------------------------------

--
-- Table structure for table `game`
--

DROP TABLE IF EXISTS `game`;
CREATE TABLE IF NOT EXISTS `game` (
  `game_id` int(4) NOT NULL,
  `game_name` varchar(32) NOT NULL,
  PRIMARY KEY (`game_id`),
  UNIQUE KEY `game_name` (`game_name`)
) ENGINE=InnoDB DEFAULT CHARSET=latin1;

--
-- Dumping data for table `game`
--

INSERT INTO `game` (`game_id`, `game_name`) VALUES
(1, '64'),
(4, 'Brawl'),
(2, 'Melee'),
(3, 'Project M'),
(6, 'Smash 3DS'),
(5, 'Smash Wii U');

-- --------------------------------------------------------

--
-- Table structure for table `matches`
--

DROP TABLE IF EXISTS `matches`;
CREATE TABLE IF NOT EXISTS `matches` (
  `match_id` int(64) NOT NULL AUTO_INCREMENT,
  `user_id_1` int(16) NOT NULL,
  `user_id_2` int(16) NOT NULL,
  `user_1_score` int(4) NOT NULL,
  `user_2_score` int(4) NOT NULL,
  `game_id` int(4) NOT NULL,
  PRIMARY KEY (`match_id`),
  UNIQUE KEY `match_id` (`match_id`)
) ENGINE=InnoDB  DEFAULT CHARSET=latin1 AUTO_INCREMENT=98 ;

--
-- Dumping data for table `matches`
--

INSERT INTO `matches` (`match_id`, `user_id_1`, `user_id_2`, `user_1_score`, `user_2_score`, `game_id`) VALUES
(1, 10, 10, 1545, 1545, 3),
(2, 11, 11, 1486, 1486, 3),
(3, 12, 12, 1507, 1507, 3),
(4, 13, 13, 1544, 1544, 3),
(5, 14, 14, 1523, 1523, 3),
(6, 15, 15, 1523, 1523, 3),
(7, 16, 16, 1522, 1522, 3),
(8, 17, 17, 1515, 1515, 3),
(9, 18, 18, 1508, 1508, 3),
(10, 19, 19, 1508, 1508, 3),
(11, 20, 20, 1501, 1501, 3),
(12, 21, 21, 1500, 1500, 3),
(13, 22, 22, 1494, 1494, 3),
(14, 23, 23, 1494, 1494, 3),
(15, 24, 24, 1492, 1494, 3),
(16, 25, 25, 1494, 1494, 3),
(17, 26, 26, 1493, 1493, 3),
(18, 27, 27, 1492, 1492, 3),
(19, 28, 28, 1486, 1486, 3),
(20, 29, 29, 1486, 1486, 3),
(21, 30, 30, 1485, 1485, 3),
(22, 31, 31, 1485, 1485, 3),
(23, 32, 32, 1482, 1482, 3),
(24, 33, 33, 1472, 1472, 3),
(25, 34, 34, 1500, 1500, 3),
(26, 15, 25, 1508, 1493, 2),
(27, 36, 15, 1508, 1500, 2),
(28, 24, 37, 1508, 1493, 2),
(29, 13, 29, 1508, 1493, 2),
(30, 13, 21, 1515, 1493, 2),
(31, 19, 24, 1508, 1500, 2),
(32, 12, 22, 1508, 1493, 2),
(33, 25, 21, 1501, 1486, 2),
(34, 22, 37, 1501, 1486, 2),
(35, 15, 29, 1507, 1486, 2),
(36, 25, 24, 1508, 1493, 2),
(37, 15, 22, 1514, 1494, 2),
(38, 12, 36, 1516, 1501, 2),
(39, 13, 19, 1522, 1501, 2),
(40, 25, 36, 1515, 1494, 2),
(41, 15, 19, 1521, 1494, 2),
(42, 12, 13, 1524, 1514, 2),
(43, 15, 25, 1528, 1508, 2),
(44, 13, 15, 1522, 1520, 2),
(45, 13, 12, 1530, 1516, 2),
(46, 12, 13, 1524, 1522, 2),
(47, 13, 26, 1508, 1493, 5),
(48, 25, 19, 1508, 1493, 5),
(49, 12, 11, 1508, 1493, 5),
(50, 30, 10, 1508, 1493, 5),
(51, 26, 19, 1501, 1486, 5),
(52, 10, 11, 1501, 1486, 5),
(53, 13, 25, 1516, 1501, 5),
(54, 12, 30, 1516, 1501, 5),
(55, 26, 30, 1509, 1494, 5),
(56, 25, 10, 1509, 1494, 5),
(57, 13, 12, 1524, 1509, 5),
(58, 26, 25, 1517, 1502, 5),
(59, 12, 26, 1517, 1509, 5),
(60, 13, 12, 1531, 1510, 5),
(61, 40, 39, 1508, 1493, 5),
(62, 40, 19, 1515, 1479, 5),
(63, 12, 32, 1517, 1493, 5),
(64, 45, 27, 1508, 1493, 5),
(65, 17, 41, 1508, 1493, 5),
(66, 15, 42, 1508, 1493, 5),
(67, 33, 43, 1508, 1493, 5),
(68, 13, 18, 1538, 1493, 5),
(69, 44, 28, 1508, 1493, 5),
(70, 28, 39, 1501, 1486, 5),
(71, 28, 18, 1508, 1486, 5),
(72, 42, 38, 1501, 1492, 5),
(73, 41, 27, 1501, 1486, 5),
(74, 32, 19, 1500, 1472, 5),
(75, 12, 40, 1524, 1508, 5),
(76, 17, 45, 1516, 1501, 5),
(77, 15, 33, 1516, 1501, 5),
(78, 13, 44, 1545, 1501, 5),
(79, 28, 45, 1515, 1494, 5),
(80, 42, 40, 1509, 1500, 5),
(81, 44, 41, 1509, 1494, 5),
(82, 33, 32, 1508, 1493, 5),
(83, 17, 12, 1524, 1516, 5),
(84, 15, 13, 1524, 1537, 5),
(85, 42, 28, 1517, 1507, 5),
(86, 33, 44, 1516, 1501, 5),
(87, 15, 17, 1532, 1517, 5),
(88, 13, 42, 1544, 1510, 5),
(89, 33, 12, 1524, 1509, 5),
(90, 13, 33, 1551, 1517, 5),
(91, 17, 13, 1525, 1543, 5),
(92, 15, 17, 1539, 1518, 5),
(93, 15, 14, 1531, 1516, 3),
(94, 34, 35, 1508, 1493, 1),
(95, 35, 36, 1501, 1492, 1),
(96, 34, 37, 1507, 1479, 2),
(97, 35, 36, 1507, 1487, 2);

-- --------------------------------------------------------

--
-- Table structure for table `ranking`
--

DROP TABLE IF EXISTS `ranking`;
CREATE TABLE IF NOT EXISTS `ranking` (
  `user_id` int(16) NOT NULL,
  `game_id` int(4) NOT NULL,
  `score` int(4) NOT NULL DEFAULT '1500'
) ENGINE=InnoDB DEFAULT CHARSET=latin1;

--
-- Dumping data for table `ranking`
--

INSERT INTO `ranking` (`user_id`, `game_id`, `score`) VALUES
(10, 1, 1500),
(10, 2, 1500),
(10, 3, 1545),
(10, 4, 1500),
(10, 5, 1494),
(10, 6, 1500),
(11, 1, 1500),
(11, 2, 1500),
(11, 3, 1486),
(11, 4, 1500),
(11, 5, 1486),
(11, 6, 1500),
(12, 1, 1500),
(12, 2, 1524),
(12, 3, 1507),
(12, 4, 1500),
(12, 5, 1509),
(12, 6, 1500),
(13, 1, 1500),
(13, 2, 1522),
(13, 3, 1544),
(13, 4, 1500),
(13, 5, 1543),
(13, 6, 1500),
(14, 1, 1500),
(14, 2, 1500),
(14, 3, 1516),
(14, 4, 1500),
(14, 5, 1500),
(14, 6, 1500),
(15, 1, 1500),
(15, 2, 1520),
(15, 3, 1531),
(15, 4, 1500),
(15, 5, 1539),
(15, 6, 1500),
(16, 1, 1500),
(16, 2, 1500),
(16, 3, 1522),
(16, 4, 1500),
(16, 5, 1500),
(16, 6, 1500),
(17, 1, 1500),
(17, 2, 1500),
(17, 3, 1515),
(17, 4, 1500),
(17, 5, 1518),
(17, 6, 1500),
(18, 1, 1500),
(18, 2, 1500),
(18, 3, 1508),
(18, 4, 1500),
(18, 5, 1486),
(18, 6, 1500),
(19, 1, 1500),
(19, 2, 1494),
(19, 3, 1508),
(19, 4, 1500),
(19, 5, 1472),
(19, 6, 1500),
(20, 1, 1500),
(20, 2, 1500),
(20, 3, 1501),
(20, 4, 1500),
(20, 5, 1500),
(20, 6, 1500),
(21, 1, 1500),
(21, 2, 1486),
(21, 3, 1500),
(21, 4, 1500),
(21, 5, 1500),
(21, 6, 1500),
(22, 1, 1500),
(22, 2, 1494),
(22, 3, 1494),
(22, 4, 1500),
(22, 5, 1500),
(22, 6, 1500),
(23, 1, 1500),
(23, 2, 1500),
(23, 3, 1494),
(23, 4, 1500),
(23, 5, 1500),
(23, 6, 1500),
(24, 1, 1500),
(24, 2, 1493),
(24, 3, 1494),
(24, 4, 1500),
(24, 5, 1500),
(24, 6, 1500),
(25, 1, 1500),
(25, 2, 1508),
(25, 3, 1494),
(25, 4, 1500),
(25, 5, 1502),
(25, 6, 1500),
(26, 1, 1500),
(26, 2, 1500),
(26, 3, 1493),
(26, 4, 1500),
(26, 5, 1509),
(26, 6, 1500),
(27, 1, 1500),
(27, 2, 1500),
(27, 3, 1492),
(27, 4, 1500),
(27, 5, 1486),
(27, 6, 1500),
(28, 1, 1500),
(28, 2, 1500),
(28, 3, 1486),
(28, 4, 1500),
(28, 5, 1507),
(28, 6, 1500),
(29, 1, 1500),
(29, 2, 1486),
(29, 3, 1486),
(29, 4, 1500),
(29, 5, 1500),
(29, 6, 1500),
(30, 1, 1500),
(30, 2, 1500),
(30, 3, 1485),
(30, 4, 1500),
(30, 5, 1494),
(30, 6, 1500),
(31, 1, 1500),
(31, 2, 1500),
(31, 3, 1485),
(31, 4, 1500),
(31, 5, 1500),
(31, 6, 1500),
(32, 1, 1500),
(32, 2, 1500),
(32, 3, 1482),
(32, 4, 1500),
(32, 5, 1493),
(32, 6, 1500),
(33, 1, 1500),
(33, 2, 1500),
(33, 3, 1472),
(33, 4, 1500),
(33, 5, 1517),
(33, 6, 1500),
(34, 1, 1508),
(34, 2, 1507),
(34, 3, 1500),
(34, 4, 1500),
(34, 5, 1500),
(34, 6, 1500),
(35, 1, 1501),
(35, 2, 1507),
(35, 3, 1500),
(35, 4, 1500),
(35, 5, 1500),
(35, 6, 1500),
(36, 1, 1492),
(36, 2, 1487),
(36, 3, 1500),
(36, 4, 1500),
(36, 5, 1500),
(36, 6, 1500),
(37, 1, 1500),
(37, 2, 1479),
(37, 3, 1500),
(37, 4, 1500),
(37, 5, 1500),
(37, 6, 1500),
(38, 1, 1500),
(38, 2, 1500),
(38, 3, 1500),
(38, 4, 1500),
(38, 5, 1492),
(38, 6, 1500),
(39, 1, 1500),
(39, 2, 1500),
(39, 3, 1500),
(39, 4, 1500),
(39, 5, 1486),
(39, 6, 1500),
(40, 1, 1500),
(40, 2, 1500),
(40, 3, 1500),
(40, 4, 1500),
(40, 5, 1500),
(40, 6, 1500),
(41, 1, 1500),
(41, 2, 1500),
(41, 3, 1500),
(41, 4, 1500),
(41, 5, 1494),
(41, 6, 1500),
(42, 1, 1500),
(42, 2, 1500),
(42, 3, 1500),
(42, 4, 1500),
(42, 5, 1510),
(42, 6, 1500),
(43, 1, 1500),
(43, 2, 1500),
(43, 3, 1500),
(43, 4, 1500),
(43, 5, 1493),
(43, 6, 1500),
(44, 1, 1500),
(44, 2, 1500),
(44, 3, 1500),
(44, 4, 1500),
(44, 5, 1501),
(44, 6, 1500),
(45, 1, 1500),
(45, 2, 1500),
(45, 3, 1500),
(45, 4, 1500),
(45, 5, 1494),
(45, 6, 1500);

-- --------------------------------------------------------

--
-- Table structure for table `regions`
--

DROP TABLE IF EXISTS `regions`;
CREATE TABLE IF NOT EXISTS `regions` (
  `region_id` int(16) NOT NULL AUTO_INCREMENT,
  `region_name` varchar(32) NOT NULL,
  `region_state` varchar(24) NOT NULL,
  PRIMARY KEY (`region_id`)
) ENGINE=InnoDB  DEFAULT CHARSET=latin1 AUTO_INCREMENT=3 ;

--
-- Dumping data for table `regions`
--

INSERT INTO `regions` (`region_id`, `region_name`, `region_state`) VALUES
(1, 'Southern Utah', 'Utah'),
(2, 'Las Vegas', 'Nevada');

-- --------------------------------------------------------

--
-- Table structure for table `user`
--

DROP TABLE IF EXISTS `user`;
CREATE TABLE IF NOT EXISTS `user` (
  `user_id` int(16) NOT NULL AUTO_INCREMENT,
  `user_name` varchar(32) NOT NULL,
  `user_email` varchar(64) DEFAULT NULL,
  `user_password` varchar(32) DEFAULT NULL,
  `user_activated` int(1) NOT NULL DEFAULT '0',
  `user_dateJoined` date NOT NULL,
  `user_level` int(1) NOT NULL DEFAULT '0' COMMENT '0-non member 1-observer 2-regional mod 3-staff 4-admin',
  PRIMARY KEY (`user_id`),
  UNIQUE KEY `user_email` (`user_email`)
) ENGINE=InnoDB  DEFAULT CHARSET=latin1 AUTO_INCREMENT=38 ;

--
-- Dumping data for table `user`
--

INSERT INTO `user` (`user_id`, `user_name`, `user_email`, `user_password`, `user_activated`, `user_dateJoined`, `user_level`) VALUES
(10, 'rocky', NULL, '7f2c1185693566d03c5ee46f57244953', 0, '2015-05-06', 0),
(11, 'gray', NULL, '', 0, '2015-05-06', 0),
(12, '941', NULL, 'd0b5af7c7e63a19ce049c980c55a3d34', 0, '2015-05-06', 0),
(13, 'ADLP', NULL, '', 0, '2015-05-06', 0),
(14, 'Amarik', NULL, '', 0, '2015-05-06', 0),
(15, 'Gau', NULL, '', 0, '2015-05-06', 0),
(16, 'Bison', NULL, '', 0, '2015-05-06', 0),
(17, 'Xsy', NULL, '', 0, '2015-05-06', 0),
(18, 'Salt', NULL, '', 0, '2015-05-06', 0),
(19, 'Olbus', NULL, '', 0, '2015-05-06', 0),
(20, 'Trek', NULL, '', 0, '2015-05-06', 0),
(21, 'T-Skittle', NULL, '', 0, '2015-05-06', 0),
(22, 'Shocker', NULL, '', 0, '2015-05-06', 0),
(23, 'Arby', NULL, '', 0, '2015-05-06', 0),
(24, 'Frozen', NULL, '', 0, '2015-05-06', 0),
(25, 'Kitsune', NULL, '', 0, '2015-05-06', 0),
(26, 'The Riot', NULL, '', 0, '2015-05-06', 0),
(27, 'Baritone', NULL, '', 0, '2015-05-06', 0),
(28, 'Serial Peacemaker', NULL, '', 0, '2015-05-06', 0),
(29, 'Jordan', NULL, '', 0, '2015-05-06', 0),
(30, 'Honey', NULL, '', 0, '2015-05-06', 0),
(31, 'W1S3', NULL, '', 0, '2015-05-06', 0),
(32, 'Joe', NULL, '', 0, '2015-05-06', 0),
(33, 'Player 1', NULL, '', 0, '2015-05-06', 0),
(34, 'Test', NULL, '', 0, '2015-05-06', 0),
(35, 'Test2', NULL, '', 0, '2015-05-06', 0),
(36, '000', NULL, '', 0, '2015-05-06', 0),
(37, '0000', NULL, '', 0, '2015-05-06', 0);

-- --------------------------------------------------------

--
-- Table structure for table `user_region`
--

DROP TABLE IF EXISTS `user_region`;
CREATE TABLE IF NOT EXISTS `user_region` (
  `user_id` int(16) NOT NULL,
  `region_id` int(16) NOT NULL
) ENGINE=InnoDB DEFAULT CHARSET=latin1;

--
-- Dumping data for table `user_region`
--

INSERT INTO `user_region` (`user_id`, `region_id`) VALUES
(1, 1),
(2, 1),
(10, 1),
(11, 1),
(12, 1),
(13, 1),
(14, 1),
(15, 1),
(16, 1),
(17, 1),
(18, 1),
(19, 1),
(20, 1),
(21, 1),
(22, 1),
(23, 1),
(24, 1),
(25, 1),
(26, 1),
(27, 1),
(28, 1),
(29, 1),
(30, 1),
(31, 1),
(32, 1),
(33, 1),
(36, 2),
(37, 2),
(34, 2),
(35, 2);

/*!40101 SET CHARACTER_SET_CLIENT=@OLD_CHARACTER_SET_CLIENT */;
/*!40101 SET CHARACTER_SET_RESULTS=@OLD_CHARACTER_SET_RESULTS */;
/*!40101 SET COLLATION_CONNECTION=@OLD_COLLATION_CONNECTION */;
